<?xml version="1.0" encoding="utf-8"?>
<extension type="plugin" version="3.4" group="system" method="upgrade">
	<name>PLG_SYSTEM_JTWIG</name>
	<creationDate>2015-26-05</creationDate>
	<author>Jeff Channell</author>
	<version>0.0.1</version>
	<description>PLG_SYSTEM_JTWIG_DESCRIPTION</description>
	<scriptfile>jtwig.install.php</scriptfile>
	<files>
		<filename plugin="jtwig">jtwig.php</filename>
		<!-- :~/git/jtwig/plugins/system/jtwig$ find . -type f | sort  | grep Twig | grep php | sed -e :a -e s/\\.\\//\<filename\>/ -e s/\\.php/\\.php\<\\/filename\>/ -->
		<filename>Twig/Autoloader.php</filename>
		<filename>Twig/CompilerInterface.php</filename>
		<filename>Twig/Compiler.php</filename>
		<filename>Twig/Environment.php</filename>
		<filename>Twig/Error/Loader.php</filename>
		<filename>Twig/Error.php</filename>
		<filename>Twig/Error/Runtime.php</filename>
		<filename>Twig/Error/Syntax.php</filename>
		<filename>Twig/ExistsLoaderInterface.php</filename>
		<filename>Twig/ExpressionParser.php</filename>
		<filename>Twig/Extension/Core.php</filename>
		<filename>Twig/Extension/Debug.php</filename>
		<filename>Twig/Extension/Escaper.php</filename>
		<filename>Twig/ExtensionInterface.php</filename>
		<filename>Twig/Extension/Optimizer.php</filename>
		<filename>Twig/Extension.php</filename>
		<filename>Twig/Extension/Profiler.php</filename>
		<filename>Twig/Extension/Sandbox.php</filename>
		<filename>Twig/Extension/Staging.php</filename>
		<filename>Twig/Extension/StringLoader.php</filename>
		<filename>Twig/FileExtensionEscapingStrategy.php</filename>
		<filename>Twig/FilterCallableInterface.php</filename>
		<filename>Twig/Filter/Function.php</filename>
		<filename>Twig/FilterInterface.php</filename>
		<filename>Twig/Filter/Method.php</filename>
		<filename>Twig/Filter/Node.php</filename>
		<filename>Twig/Filter.php</filename>
		<filename>Twig/FunctionCallableInterface.php</filename>
		<filename>Twig/Function/Function.php</filename>
		<filename>Twig/FunctionInterface.php</filename>
		<filename>Twig/Function/Method.php</filename>
		<filename>Twig/Function/Node.php</filename>
		<filename>Twig/Function.php</filename>
		<filename>Twig/LexerInterface.php</filename>
		<filename>Twig/Lexer.php</filename>
		<filename>Twig/Loader/Array.php</filename>
		<filename>Twig/Loader/Chain.php</filename>
		<filename>Twig/Loader/Filesystem.php</filename>
		<filename>Twig/LoaderInterface.php</filename>
		<filename>Twig/Loader/String.php</filename>
		<filename>Twig/Markup.php</filename>
		<filename>Twig/Node/AutoEscape.php</filename>
		<filename>Twig/Node/Block.php</filename>
		<filename>Twig/Node/BlockReference.php</filename>
		<filename>Twig/Node/Body.php</filename>
		<filename>Twig/Node/CheckSecurity.php</filename>
		<filename>Twig/Node/Do.php</filename>
		<filename>Twig/Node/Embed.php</filename>
		<filename>Twig/Node/Expression/Array.php</filename>
		<filename>Twig/Node/Expression/AssignName.php</filename>
		<filename>Twig/Node/Expression/Binary/Add.php</filename>
		<filename>Twig/Node/Expression/Binary/And.php</filename>
		<filename>Twig/Node/Expression/Binary/BitwiseAnd.php</filename>
		<filename>Twig/Node/Expression/Binary/BitwiseOr.php</filename>
		<filename>Twig/Node/Expression/Binary/BitwiseXor.php</filename>
		<filename>Twig/Node/Expression/Binary/Concat.php</filename>
		<filename>Twig/Node/Expression/Binary/Div.php</filename>
		<filename>Twig/Node/Expression/Binary/EndsWith.php</filename>
		<filename>Twig/Node/Expression/Binary/Equal.php</filename>
		<filename>Twig/Node/Expression/Binary/FloorDiv.php</filename>
		<filename>Twig/Node/Expression/Binary/GreaterEqual.php</filename>
		<filename>Twig/Node/Expression/Binary/Greater.php</filename>
		<filename>Twig/Node/Expression/Binary/In.php</filename>
		<filename>Twig/Node/Expression/Binary/LessEqual.php</filename>
		<filename>Twig/Node/Expression/Binary/Less.php</filename>
		<filename>Twig/Node/Expression/Binary/Matches.php</filename>
		<filename>Twig/Node/Expression/Binary/Mod.php</filename>
		<filename>Twig/Node/Expression/Binary/Mul.php</filename>
		<filename>Twig/Node/Expression/Binary/NotEqual.php</filename>
		<filename>Twig/Node/Expression/Binary/NotIn.php</filename>
		<filename>Twig/Node/Expression/Binary/Or.php</filename>
		<filename>Twig/Node/Expression/Binary.php</filename>
		<filename>Twig/Node/Expression/Binary/Power.php</filename>
		<filename>Twig/Node/Expression/Binary/Range.php</filename>
		<filename>Twig/Node/Expression/Binary/StartsWith.php</filename>
		<filename>Twig/Node/Expression/Binary/Sub.php</filename>
		<filename>Twig/Node/Expression/BlockReference.php</filename>
		<filename>Twig/Node/Expression/Call.php</filename>
		<filename>Twig/Node/Expression/Conditional.php</filename>
		<filename>Twig/Node/Expression/Constant.php</filename>
		<filename>Twig/Node/Expression/ExtensionReference.php</filename>
		<filename>Twig/Node/Expression/Filter/Default.php</filename>
		<filename>Twig/Node/Expression/Filter.php</filename>
		<filename>Twig/Node/Expression/Function.php</filename>
		<filename>Twig/Node/Expression/GetAttr.php</filename>
		<filename>Twig/Node/Expression/MethodCall.php</filename>
		<filename>Twig/Node/Expression/Name.php</filename>
		<filename>Twig/Node/Expression/Parent.php</filename>
		<filename>Twig/Node/Expression.php</filename>
		<filename>Twig/Node/Expression/TempName.php</filename>
		<filename>Twig/Node/Expression/Test/Constant.php</filename>
		<filename>Twig/Node/Expression/Test/Defined.php</filename>
		<filename>Twig/Node/Expression/Test/Divisibleby.php</filename>
		<filename>Twig/Node/Expression/Test/Even.php</filename>
		<filename>Twig/Node/Expression/Test/Null.php</filename>
		<filename>Twig/Node/Expression/Test/Odd.php</filename>
		<filename>Twig/Node/Expression/Test.php</filename>
		<filename>Twig/Node/Expression/Test/Sameas.php</filename>
		<filename>Twig/Node/Expression/Unary/Neg.php</filename>
		<filename>Twig/Node/Expression/Unary/Not.php</filename>
		<filename>Twig/Node/Expression/Unary.php</filename>
		<filename>Twig/Node/Expression/Unary/Pos.php</filename>
		<filename>Twig/Node/Flush.php</filename>
		<filename>Twig/Node/ForLoop.php</filename>
		<filename>Twig/Node/For.php</filename>
		<filename>Twig/Node/If.php</filename>
		<filename>Twig/Node/Import.php</filename>
		<filename>Twig/Node/Include.php</filename>
		<filename>Twig/NodeInterface.php</filename>
		<filename>Twig/Node/Macro.php</filename>
		<filename>Twig/Node/Module.php</filename>
		<filename>Twig/NodeOutputInterface.php</filename>
		<filename>Twig/Node.php</filename>
		<filename>Twig/Node/Print.php</filename>
		<filename>Twig/Node/SandboxedPrint.php</filename>
		<filename>Twig/Node/Sandbox.php</filename>
		<filename>Twig/Node/Set.php</filename>
		<filename>Twig/Node/SetTemp.php</filename>
		<filename>Twig/Node/Spaceless.php</filename>
		<filename>Twig/Node/Text.php</filename>
		<filename>Twig/NodeTraverser.php</filename>
		<filename>Twig/NodeVisitor/Escaper.php</filename>
		<filename>Twig/NodeVisitorInterface.php</filename>
		<filename>Twig/NodeVisitor/Optimizer.php</filename>
		<filename>Twig/NodeVisitor/SafeAnalysis.php</filename>
		<filename>Twig/NodeVisitor/Sandbox.php</filename>
		<filename>Twig/ParserInterface.php</filename>
		<filename>Twig/Parser.php</filename>
		<filename>Twig/Profiler/Dumper/Blackfire.php</filename>
		<filename>Twig/Profiler/Dumper/Html.php</filename>
		<filename>Twig/Profiler/Dumper/Text.php</filename>
		<filename>Twig/Profiler/Node/EnterProfile.php</filename>
		<filename>Twig/Profiler/Node/LeaveProfile.php</filename>
		<filename>Twig/Profiler/NodeVisitor/Profiler.php</filename>
		<filename>Twig/Profiler/Profile.php</filename>
		<filename>Twig/Sandbox/SecurityError.php</filename>
		<filename>Twig/Sandbox/SecurityNotAllowedFilterError.php</filename>
		<filename>Twig/Sandbox/SecurityNotAllowedFunctionError.php</filename>
		<filename>Twig/Sandbox/SecurityNotAllowedTagError.php</filename>
		<filename>Twig/Sandbox/SecurityPolicyInterface.php</filename>
		<filename>Twig/Sandbox/SecurityPolicy.php</filename>
		<filename>Twig/SimpleFilter.php</filename>
		<filename>Twig/SimpleFunction.php</filename>
		<filename>Twig/SimpleTest.php</filename>
		<filename>Twig/TemplateInterface.php</filename>
		<filename>Twig/Template.php</filename>
		<filename>Twig/TestCallableInterface.php</filename>
		<filename>Twig/Test/Function.php</filename>
		<filename>Twig/Test/IntegrationTestCase.php</filename>
		<filename>Twig/TestInterface.php</filename>
		<filename>Twig/Test/Method.php</filename>
		<filename>Twig/Test/Node.php</filename>
		<filename>Twig/Test/NodeTestCase.php</filename>
		<filename>Twig/Test.php</filename>
		<filename>Twig/TokenParser/AutoEscape.php</filename>
		<filename>Twig/TokenParser/Block.php</filename>
		<filename>Twig/TokenParserBrokerInterface.php</filename>
		<filename>Twig/TokenParserBroker.php</filename>
		<filename>Twig/TokenParser/Do.php</filename>
		<filename>Twig/TokenParser/Embed.php</filename>
		<filename>Twig/TokenParser/Extends.php</filename>
		<filename>Twig/TokenParser/Filter.php</filename>
		<filename>Twig/TokenParser/Flush.php</filename>
		<filename>Twig/TokenParser/For.php</filename>
		<filename>Twig/TokenParser/From.php</filename>
		<filename>Twig/TokenParser/If.php</filename>
		<filename>Twig/TokenParser/Import.php</filename>
		<filename>Twig/TokenParser/Include.php</filename>
		<filename>Twig/TokenParserInterface.php</filename>
		<filename>Twig/TokenParser/Macro.php</filename>
		<filename>Twig/TokenParser.php</filename>
		<filename>Twig/TokenParser/Sandbox.php</filename>
		<filename>Twig/TokenParser/Set.php</filename>
		<filename>Twig/TokenParser/Spaceless.php</filename>
		<filename>Twig/TokenParser/Use.php</filename>
		<filename>Twig/Token.php</filename>
		<filename>Twig/TokenStream.php</filename>
	</files>
	<languages>
		<language tag="en-GB">languages/en-GB/en-GB.plg_system_jtwig.sys.ini</language>
	</languages>
	<config>
		<fields name="params">
			<fieldset name="basic">
				<field name="process_site" type="radio" default="1"
					label="PLG_SYSTEM_JTWIG_PROCESS_SITE"
					hint="PLG_SYSTEM_JTWIG_PROCESS_SITE_DESC"
					description="PLG_SYSTEM_JTWIG_PROCESS_SITE_DESC"
					class="btn-group btn-group-yesno"
				>
					<option value="1">JYES</option>
					<option value="0">JNO</option>
				</field>
				<field name="process_admin" type="radio" default="0"
					label="PLG_SYSTEM_JTWIG_PROCESS_ADMIN"
					hint="PLG_SYSTEM_JTWIG_PROCESS_ADMIN_DESC"
					description="PLG_SYSTEM_JTWIG_PROCESS_ADMIN_DESC"
					class="btn-group btn-group-yesno"
				>
					<option value="1">JYES</option>
					<option value="0">JNO</option>
				</field>
				<field name="optimizations" type="list" default="OPTIMIZE_ALL"
					label="PLG_SYSTEM_JTWIG_OPTIMIZATIONS"
					hint="PLG_SYSTEM_JTWIG_OPTIMIZATIONS_DESC"
					description="PLG_SYSTEM_JTWIG_OPTIMIZATIONS_DESC"
				>
					<option value="OPTIMIZE_NONE">OPTIMIZE_NONE</option>
					<option value="OPTIMIZE_ALL">OPTIMIZE_ALL</option>
					<option value="OPTIMIZE_FOR">OPTIMIZE_FOR</option>
					<option value="OPTIMIZE_RAW_FILTER">OPTIMIZE_RAW_FILTER</option>
					<option value="OPTIMIZE_VAR_ACCESS">OPTIMIZE_VAR_ACCESS</option>
				</field>
			</fieldset>
		</fields>
	</config>
</extension>